State_UT,code
Andaman and Nicobar Islands,AN
Andhra Pradesh,AD
Arunachal Pradesh,AR
Assam,AS
Bihar,BR
Chandigarh,CH
Chhattisgarh,CG
Dadra & Nagar Haveli and Daman & Diu,DNHDD
Delhi,DL
Goa,GA
Gujarat,GJ
Haryana,HR
Himachal Pradesh,HP
Jammu and Kashmir,JK
Jharkhand,JH
Karnataka,KA
Kerala,KL
Ladakh,LA
Lakshadweep Islands,LD
Madhya Pradesh,MP
Maharashtra,MH
Manipur,MN
Meghalaya,ML
Mizoram,MZ
Nagaland,NL
Odisha,OD
Puducherry,PY
Punjab,PB
Rajasthan,RJ
Sikkim,SK
Tamil Nadu,TN
Telangana,TS
Tripura,TR
Uttar Pradesh,UP
Uttarakhand,UK
West Bengal,WB
